<?xml version="1.0" encoding="UTF-8"?>
<!DOCTYPE configuration
PUBLIC "-//mybatis.org//DTD Config 3.0//EN"
"http://mybatis.org/dtd/mybatis-3-config.dtd">
<configuration>
	<settings>
		<setting name="defaultExecutorType" value="REUSE"/>
		<setting name="defaultStatementTimeout" value="25000"/>
	</settings>

	<typeAliases>
		<!-- Mapping VO -->
		<typeAlias type="com.wowtasty.mybatis.vo.ActionAuthVO" alias="actionauthvo"/>
		<typeAlias type="com.wowtasty.mybatis.vo.CodeMasterVO" alias="codemastervo"/>
		<typeAlias type="com.wowtasty.mybatis.vo.ContentsTextVO" alias="contentstextvo"/>
		<typeAlias type="com.wowtasty.mybatis.vo.DeliveryAreaVO" alias="deliveryareavo"/>
		<typeAlias type="com.wowtasty.mybatis.vo.DeliveryManVO" alias="deliverymanvo"/>
		<typeAlias type="com.wowtasty.mybatis.vo.DeliveryMasterVO" alias="deliverymastervo"/>
		<typeAlias type="com.wowtasty.mybatis.vo.DeliveryOpenHourVO" alias="deliveryopenhourvo"/>
		<typeAlias type="com.wowtasty.mybatis.vo.MemberMasterVO" alias="membermastervo"/>
		<typeAlias type="com.wowtasty.mybatis.vo.OrderMasterVO" alias="ordermastervo"/>
		<typeAlias type="com.wowtasty.mybatis.vo.OrderMenuOptionVO" alias="ordermenuoptionvo"/>
		<typeAlias type="com.wowtasty.mybatis.vo.OrderMenuVO" alias="ordermenuvo"/>
		<typeAlias type="com.wowtasty.mybatis.vo.OrderRestaurantVO" alias="orderrestaurantvo"/>
		<typeAlias type="com.wowtasty.mybatis.vo.RestaurantCategoryVO" alias="restaurantcategoryvo"/>
		<typeAlias type="com.wowtasty.mybatis.vo.RestaurantDeliveryAreaVO" alias="restaurantdeliveryareavo"/>
		<typeAlias type="com.wowtasty.mybatis.vo.RestaurantMasterVO" alias="restaurantmastervo"/>
		<typeAlias type="com.wowtasty.mybatis.vo.RestaurantMenuVO" alias="restaurantmenuvo"/>
		<typeAlias type="com.wowtasty.mybatis.vo.RestaurantMenuOptionVO" alias="restaurantmenuoptionvo"/>
		<typeAlias type="com.wowtasty.mybatis.vo.RestaurantOpenHourVO" alias="restaurantopenhourvo"/>
		<typeAlias type="com.wowtasty.mybatis.vo.RestaurantPictVO" alias="restaurantpictvo"/>

		<!-- List VO -->
		<typeAlias type="com.wowtasty.vo.OrderListVO" alias="orderlistvo"/>
		<typeAlias type="com.wowtasty.vo.RestaurantListVO" alias="restaurantlistvo"/>
                <typeAlias type="com.wowtasty.vo.CuisineListVO" alias="cuisinelistvo"/>

		<!-- Condition VO  -->
		<typeAlias type="com.wowtasty.vo.OrderListConditionVO" alias="orderlistconditionvo"/>
		<typeAlias type="com.wowtasty.vo.RestaurantListConditionVO" alias="restaurantlistconditionvo"/>
                <typeAlias type="com.wowtasty.vo.RestaurantSearchConditionVO" alias="restaurantsearchconditionvo"/>

                <!-- Extended Mapping VO -->
                <typeAlias type="com.wowtasty.vo.RestaurantEVO" alias="restaurantevo"/>
                <typeAlias type="com.wowtasty.vo.RestaurantMenuEVO" alias="restaurantmenuevo"/>
                <typeAlias type="com.wowtasty.vo.RestaurantMenuOptionEVO" alias="restaurantmenuoptionevo"/>

	</typeAliases>

	<environments default="">
	<environment id="">
		<transactionManager type="JDBC" />
			<dataSource type="POOLED">
				<property name="driver" value="com.mysql.jdbc.Driver"/>
				<property name="url" value="jdbc:mysql://localhost:3306/wow_db"/>
				<property name="username" value="root"/>
				<property name="password" value="root"/>
			</dataSource>
	</environment>
	</environments>
	<mappers>
		<mapper resource="com/wowtasty/mybatis/mapper/actionauth.xml"/>
		<mapper resource="com/wowtasty/mybatis/mapper/codemaster.xml"/>
		<mapper resource="com/wowtasty/mybatis/mapper/contentstext.xml"/>
		<mapper resource="com/wowtasty/mybatis/mapper/deliveryarea.xml"/>
		<mapper resource="com/wowtasty/mybatis/mapper/deliveryman.xml"/>
		<mapper resource="com/wowtasty/mybatis/mapper/deliverymaster.xml"/>
		<mapper resource="com/wowtasty/mybatis/mapper/deliveryopenhour.xml"/>
		<mapper resource="com/wowtasty/mybatis/mapper/membermaster.xml"/>
		<mapper resource="com/wowtasty/mybatis/mapper/ordermaster.xml"/>
		<mapper resource="com/wowtasty/mybatis/mapper/orderrestaurant.xml"/>
		<mapper resource="com/wowtasty/mybatis/mapper/ordermenu.xml"/>
		<mapper resource="com/wowtasty/mybatis/mapper/ordermenuoption.xml"/>
		<mapper resource="com/wowtasty/mybatis/mapper/restaurantcategory.xml"/>
		<mapper resource="com/wowtasty/mybatis/mapper/restaurantdeliveryarea.xml"/>
		<mapper resource="com/wowtasty/mybatis/mapper/restaurantmaster.xml"/>
		<mapper resource="com/wowtasty/mybatis/mapper/restaurantmenu.xml"/>
		<mapper resource="com/wowtasty/mybatis/mapper/restaurantmenuoption.xml"/>
		<mapper resource="com/wowtasty/mybatis/mapper/restaurantopenhour.xml"/>
		<mapper resource="com/wowtasty/mybatis/mapper/restaurantpict.xml"/>
		<mapper resource="com/wowtasty/mybatis/mapper/restaurant.xml"/>
	</mappers>
</configuration>